<?xml version="1.0" encoding="UTF-8"?>
<!DOCTYPE mapper PUBLIC "-//mybatis.org//DTD Mapper 3.0//EN" "http://mybatis.org/dtd/mybatis-3-mapper.dtd">
<mapper namespace="com.example.one.dao.TblOrderDao">
  <resultMap id="BaseResultMap" type="com.example.one.entity.TblOrder">
    <id column="order_id" jdbcType="INTEGER" property="orderId" />
    <result column="buyer" jdbcType="VARCHAR" property="buyer" />
    <result column="update_time" jdbcType="TIMESTAMP" property="updateTime" />
  </resultMap>
  <sql id="Base_Column_List">
    order_id, buyer, update_time
  </sql>
  <select id="selectByPrimaryKey" parameterType="java.lang.Integer" resultMap="BaseResultMap">
    select 
    <include refid="Base_Column_List" />
    from tbl_order
    where order_id = #{orderId,jdbcType=INTEGER}
  </select>
  <delete id="deleteByPrimaryKey" parameterType="java.lang.Integer">
    delete from tbl_order
    where order_id = #{orderId,jdbcType=INTEGER}
  </delete>
  <insert id="insert" keyColumn="order_id" keyProperty="orderId" parameterType="com.example.one.entity.TblOrder" useGeneratedKeys="true">
    insert into tbl_order (buyer, update_time)
    values (#{buyer,jdbcType=VARCHAR}, #{updateTime,jdbcType=TIMESTAMP})
  </insert>
  <insert id="insertSelective" keyColumn="order_id" keyProperty="orderId" parameterType="com.example.one.entity.TblOrder" useGeneratedKeys="true">
    insert into tbl_order
    <trim prefix="(" suffix=")" suffixOverrides=",">
      <if test="buyer != null">
        buyer,
      </if>
      <if test="updateTime != null">
        update_time,
      </if>
    </trim>
    <trim prefix="values (" suffix=")" suffixOverrides=",">
      <if test="buyer != null">
        #{buyer,jdbcType=VARCHAR},
      </if>
      <if test="updateTime != null">
        #{updateTime,jdbcType=TIMESTAMP},
      </if>
    </trim>
  </insert>
  <update id="updateByPrimaryKeySelective" parameterType="com.example.one.entity.TblOrder">
    update tbl_order
    <set>
      <if test="buyer != null">
        buyer = #{buyer,jdbcType=VARCHAR},
      </if>
      <if test="updateTime != null">
        update_time = #{updateTime,jdbcType=TIMESTAMP},
      </if>
    </set>
    where order_id = #{orderId,jdbcType=INTEGER}
  </update>
  <update id="updateByPrimaryKey" parameterType="com.example.one.entity.TblOrder">
    update tbl_order
    set buyer = #{buyer,jdbcType=VARCHAR},
      update_time = #{updateTime,jdbcType=TIMESTAMP}
    where order_id = #{orderId,jdbcType=INTEGER}
  </update>
</mapper>