<?xml version="1.0" encoding="UTF-8"?>
<!DOCTYPE mapper PUBLIC "-//mybatis.org//DTD Mapper 3.0//EN" "http://mybatis.org/dtd/mybatis-3-mapper.dtd">
<mapper namespace="com.example.two.dao.TblInventoryDao">
  <resultMap id="BaseResultMap" type="com.example.two.entity.TblInventory">
    <id column="good_id" jdbcType="INTEGER" property="goodId" />
    <result column="num" jdbcType="INTEGER" property="num" />
    <result column="update_time" jdbcType="TIMESTAMP" property="updateTime" />
  </resultMap>
  <sql id="Base_Column_List">
    good_id, num, update_time
  </sql>
  <select id="selectByPrimaryKey" parameterType="java.lang.Integer" resultMap="BaseResultMap">
    select 
    <include refid="Base_Column_List" />
    from tbl_inventory
    where good_id = #{goodId,jdbcType=INTEGER}
  </select>
  <delete id="deleteByPrimaryKey" parameterType="java.lang.Integer">
    delete from tbl_inventory
    where good_id = #{goodId,jdbcType=INTEGER}
  </delete>
  <insert id="insert" keyColumn="good_id" keyProperty="goodId" parameterType="com.example.two.entity.TblInventory" useGeneratedKeys="true">
    insert into tbl_inventory (num, update_time)
    values (#{num,jdbcType=INTEGER}, #{updateTime,jdbcType=TIMESTAMP})
  </insert>
  <insert id="insertSelective" keyColumn="good_id" keyProperty="goodId" parameterType="com.example.two.entity.TblInventory" useGeneratedKeys="true">
    insert into tbl_inventory
    <trim prefix="(" suffix=")" suffixOverrides=",">
      <if test="num != null">
        num,
      </if>
      <if test="updateTime != null">
        update_time,
      </if>
    </trim>
    <trim prefix="values (" suffix=")" suffixOverrides=",">
      <if test="num != null">
        #{num,jdbcType=INTEGER},
      </if>
      <if test="updateTime != null">
        #{updateTime,jdbcType=TIMESTAMP},
      </if>
    </trim>
  </insert>
  <update id="updateByPrimaryKeySelective" parameterType="com.example.two.entity.TblInventory">
    update tbl_inventory
    <set>
      <if test="num != null">
        num = #{num,jdbcType=INTEGER},
      </if>
      <if test="updateTime != null">
        update_time = #{updateTime,jdbcType=TIMESTAMP},
      </if>
    </set>
    where good_id = #{goodId,jdbcType=INTEGER}
  </update>
  <update id="updateByPrimaryKey" parameterType="com.example.two.entity.TblInventory">
    update tbl_inventory
    set num = #{num,jdbcType=INTEGER},
      update_time = #{updateTime,jdbcType=TIMESTAMP}
    where good_id = #{goodId,jdbcType=INTEGER}
  </update>
</mapper>